timestamp,open,high,low,close,volume
2025-07-01 06:00:00,106891.3,106891.3,106706.0,106844.6,3348.3377
2025-07-01 07:00:00,106844.6,107132.0,106564.6,107115.5,3372.5602
2025-07-01 08:00:00,107115.5,107130.0,106648.0,106666.0,3944.7892
2025-07-01 09:00:00,106666.0,106750.0,106429.8,106502.5,3983.4142
2025-07-01 10:00:00,106502.5,106588.6,106257.7,106440.0,2293.0119
2025-07-01 11:00:00,106440.0,106583.5,106268.0,106550.0,2985.7315
2025-07-01 12:00:00,106550.0,106643.0,106313.0,106367.5,2811.2486
2025-07-01 13:00:00,106367.5,106830.0,106232.6,106766.0,3144.0324
2025-07-01 14:00:00,106766.0,107140.9,105662.1,105881.0,2890.657
2025-07-01 15:00:00,105881.0,106162.0,105605.5,105900.3,2663.7091
2025-07-01 16:00:00,105900.3,106229.0,105780.9,106041.4,3128.8522
2025-07-01 17:00:00,106041.4,106240.0,105863.5,106200.1,1896.0276
2025-07-01 18:00:00,106200.1,106220.0,105638.0,105692.5,2147.0148
2025-07-01 19:00:00,105692.5,105768.3,105340.9,105348.1,5522.6309
2025-07-01 20:00:00,105348.1,105946.5,105211.4,105860.3,3068.7855
2025-07-01 21:00:00,105860.3,106056.0,105686.1,105732.6,2564.9102
2025-07-01 22:00:00,105732.6,105866.8,105555.7,105575.0,3485.4125
2025-07-01 23:00:00,105575.0,105659.0,105306.2,105637.4,3997.6192
2025-07-02 00:00:00,105637.4,105738.0,105321.0,105336.4,3060.173
2025-07-02 01:00:00,105336.4,105751.2,105052.1,105670.0,1772.2155
2025-07-02 02:00:00,105670.0,105871.7,105490.0,105855.8,1661.5019
2025-07-02 03:00:00,105855.8,106150.3,105813.0,106136.6,2960.1096
2025-07-02 04:00:00,106136.6,106325.9,106074.2,106325.5,2677.4381
2025-07-02 05:00:00,106325.5,106620.7,106250.4,106584.5,1373.332
2025-07-02 06:00:00,106584.5,106965.0,106580.5,106964.5,1714.0015
2025-07-02 07:00:00,106964.5,107144.4,106779.2,107020.5,2604.1048
2025-07-02 08:00:00,107020.5,107700.3,107020.5,107691.5,3760.8813
2025-07-02 09:00:00,107691.5,107741.0,107478.2,107591.5,3152.2512
2025-07-02 10:00:00,107591.5,107800.0,107563.0,107785.0,3133.6999
2025-07-02 11:00:00,107785.0,107785.0,107298.5,107408.5,3204.3801
2025-07-02 12:00:00,107408.5,107444.0,107149.0,107333.0,1630.7937
2025-07-02 13:00:00,107333.0,107916.0,107227.5,107719.5,1743.4145
2025-07-02 14:00:00,107719.5,108122.1,107601.7,108096.5,2930.137
2025-07-02 15:00:00,108096.5,108725.2,108072.6,108695.6,4001.6802
2025-07-02 16:00:00,108695.6,109579.0,108603.9,109331.5,5352.3048
2025-07-02 17:00:00,109331.5,109690.6,108806.9,109065.0,3358.1923
2025-07-02 18:00:00,109065.0,109485.0,108959.0,109485.0,3149.9321
2025-07-02 19:00:00,109485.0,109631.6,109233.8,109611.5,3016.6543
2025-07-02 20:00:00,109611.5,109622.0,109082.7,109084.5,3111.5708
2025-07-02 21:00:00,109084.5,109500.0,109084.5,109402.5,2336.3666
2025-07-02 22:00:00,109402.5,109470.3,109061.1,109095.6,2161.9491
2025-07-02 23:00:00,109095.6,109130.0,108683.7,108800.0,2538.7541
2025-07-03 00:00:00,108800.0,109075.3,108673.1,108884.8,3558.0624
2025-07-03 01:00:00,108884.8,109069.8,108763.5,108935.1,1601.1055
2025-07-03 02:00:00,108935.1,108935.4,108508.3,108676.6,2815.6634
2025-07-03 03:00:00,108676.6,108797.5,108575.3,108594.8,3090.384
2025-07-03 04:00:00,108594.8,108941.0,108514.0,108735.5,2650.7233
2025-07-03 05:00:00,108735.5,109316.0,108735.5,109290.3,2732.6013
2025-07-03 06:00:00,109290.3,109516.5,109199.0,109420.0,2437.0168
2025-07-03 07:00:00,109420.0,109420.0,109100.0,109235.0,13722.9406
2025-07-03 08:00:00,109235.0,109500.2,109235.0,109325.4,3759.1888
2025-07-03 09:00:00,109325.4,110234.5,109325.1,109890.2,3882.7609
2025-07-03 10:00:00,109890.2,109950.0,109577.0,109794.0,2334.1707
2025-07-03 11:00:00,109794.0,109794.1,109539.9,109560.3,2088.328
2025-07-03 12:00:00,109560.3,109875.6,108709.7,109101.3,3555.8451
2025-07-03 13:00:00,109101.3,110473.1,109084.3,110219.1,5542.682
2025-07-03 14:00:00,110219.1,110445.6,109512.7,109651.6,4665.7373
2025-07-03 15:00:00,109651.6,109776.1,109044.1,109083.5,4125.9669
2025-07-03 16:00:00,109083.5,109637.6,108971.8,109237.7,4863.9824
2025-07-03 17:00:00,109237.7,109614.3,109220.3,109494.0,2070.388
2025-07-03 18:00:00,109494.0,109680.0,109287.4,109621.5,2087.8228
2025-07-03 19:00:00,109621.5,109847.0,109588.5,109755.0,3305.5367
2025-07-03 20:00:00,109755.0,109903.1,109722.1,109903.1,3250.3505
2025-07-03 21:00:00,109903.1,109963.3,109631.5,109745.0,2662.0591
2025-07-03 22:00:00,109745.0,109829.0,109600.0,109656.0,3469.1223
2025-07-03 23:00:00,109656.0,109777.6,109497.7,109545.1,3518.1428
2025-07-04 00:00:00,109545.1,109665.8,109327.9,109422.5,3933.4751
2025-07-04 01:00:00,109422.5,109729.9,109393.5,109455.0,3051.3092
2025-07-04 02:00:00,109455.0,109455.3,109052.4,109149.9,2758.1308
2025-07-04 03:00:00,109149.9,109300.0,109080.0,109195.6,3157.6442
2025-07-04 04:00:00,109195.6,109283.4,108907.6,108938.5,1636.6408
2025-07-04 05:00:00,108938.5,109164.0,108876.4,108958.5,2574.0477
2025-07-04 06:00:00,108958.5,108985.8,108751.2,108982.6,4672.5788
2025-07-04 07:00:00,108982.6,109105.5,108662.7,108662.7,2898.6798
2025-07-04 08:00:00,108662.7,108840.0,108480.9,108710.3,3264.0288
2025-07-04 09:00:00,108710.3,109022.9,108710.3,108946.9,3124.4198
2025-07-04 10:00:00,108946.9,109016.2,108810.3,108849.1,3144.4781
2025-07-04 11:00:00,108849.1,109071.0,108800.0,108840.3,4230.296279559561
2025-07-04 12:00:00,108840.3,108929.5,108567.1,108684.9,4857.553132676547
2025-07-04 13:00:00,108684.9,108810.9,107911.0,107934.0,13628.331079486494
2025-07-04 14:00:00,107934.0,108053.4,107455.5,107762.5,38555.89541370741
2025-07-04 15:00:00,107762.5,107897.9,107529.5,107534.6,9089.46977825638
2025-07-04 16:00:00,107534.6,107702.8,107301.5,107593.4,21413.572529441873
2025-07-04 17:00:00,107593.4,107868.5,107582.0,107815.5,5255.077889529149
2025-07-04 18:00:00,107815.5,107831.4,107466.5,107466.5,3625.60279258069
2025-07-04 19:00:00,107466.5,107584.0,107219.8,107429.6,5549.639750842947
2025-07-04 20:00:00,107429.6,107732.6,107389.5,107635.8,3599.600920450366
2025-07-04 21:00:00,107635.8,107891.8,107635.6,107859.5,3094.918648996916
2025-07-04 22:00:00,107859.5,108200.0,107830.6,108198.0,5240.732459976286
2025-07-04 23:00:00,108198.0,108198.1,107891.0,107935.5,3159.116315560594
2025-07-05 00:00:00,107935.5,108178.5,107896.5,108133.1,2995.325324740427
2025-07-05 01:00:00,108133.1,108133.4,107833.1,107939.7,1960.747479206923
2025-07-05 02:00:00,107939.7,108045.5,107709.1,108018.8,2499.778530535208
2025-07-05 03:00:00,108018.8,108218.2,108018.8,108093.5,2604.721095235428
2025-07-05 04:00:00,108093.5,108328.3,107976.5,108078.0,3636.096714592473
2025-07-05 05:00:00,108078.0,108125.0,107968.5,108082.8,2320.160312364278
2025-07-05 06:00:00,108082.8,108250.0,108011.0,108228.0,2779.2500927503
2025-07-05 07:00:00,108228.0,108228.3,107946.1,108001.0,2631.558273745029
2025-07-05 08:00:00,108001.0,108074.0,107875.5,107967.8,2050.05286590206
2025-07-05 09:00:00,107967.8,108083.0,107828.1,108033.8,2598.823630582353
2025-07-05 10:00:00,108033.8,108140.1,108009.3,108036.9,3380.63655005596
2025-07-05 11:00:00,108036.9,108175.2,108036.6,108059.4,3664.57389738
2025-07-05 12:00:00,108059.4,108105.0,107914.2,108105.0,2871.517986706454
2025-07-05 13:00:00,108105.0,108175.0,108055.9,108077.5,2287.9274655273
2025-07-05 14:00:00,108077.5,108180.0,108047.6,108150.0,3126.2884
2025-07-05 15:00:00,108150.0,108150.2,108000.0,108012.6,3730.1859194
2025-07-05 16:00:00,108012.6,108070.0,107830.9,108050.3,5018.770049450814
2025-07-05 17:00:00,108050.3,108124.5,107901.5,108044.7,4229.934130667552
2025-07-05 18:00:00,108044.7,108056.5,107911.2,107942.2,2813.9051
2025-07-05 19:00:00,107942.2,108125.1,107901.5,108092.4,2459.289390174012
2025-07-05 20:00:00,108092.4,108115.4,107930.1,108036.6,2305.03184287146
2025-07-05 21:00:00,108036.6,108093.6,108006.1,108028.7,2608.81510392496
2025-07-05 22:00:00,108028.7,108149.8,107998.5,108131.5,3042.0318
2025-07-05 23:00:00,108131.5,108184.0,108117.8,108153.6,3218.32160510575
2025-07-06 00:00:00,108153.6,108195.5,108059.5,108159.1,2459.491243929166
2025-07-06 01:00:00,108159.1,108159.4,108027.0,108155.5,1924.0129
2025-07-06 02:00:00,108155.5,108211.0,108001.0,108001.0,2722.921996967656
2025-07-06 03:00:00,108001.0,108051.5,107972.0,107996.5,2681.058505046816
2025-07-06 04:00:00,107996.5,108056.5,107901.0,107936.3,2934.691304062672
2025-07-06 05:00:00,107936.3,107976.0,107905.1,107942.0,2360.094829695825
2025-07-06 06:00:00,107942.0,108180.0,107916.5,108070.4,2952.93697224192
2025-07-06 07:00:00,108070.4,108149.8,107991.5,107991.5,2036.19838719928
2025-07-06 08:00:00,107991.5,108014.6,107912.9,107953.4,2278.31149398903
2025-07-06 09:00:00,107953.4,108011.7,107767.8,107792.0,3201.87613050847
2025-07-06 10:00:00,107792.0,108087.4,107748.5,107936.0,3108.861859552572
2025-07-06 11:00:00,107936.0,108042.4,107903.7,108018.7,2177.62711166224
2025-07-06 12:00:00,108018.7,108199.9,107984.7,108185.1,3063.510042531743
2025-07-06 13:00:00,108185.1,109076.9,108139.9,108711.6,14096.608580107353
2025-07-06 14:00:00,108711.6,108995.7,108555.3,108871.8,5248.588297677869
2025-07-06 15:00:00,108871.8,108933.8,108609.1,108849.9,3202.495181473659
2025-07-06 16:00:00,108849.9,108899.6,108650.6,108791.0,2707.537566740105
2025-07-06 17:00:00,108791.0,108917.0,108662.7,108850.4,3223.372128631676
2025-07-06 18:00:00,108850.4,108878.8,108217.4,108424.2,5454.341840741746
2025-07-06 19:00:00,108424.2,108583.0,108244.1,108493.7,3553.897391791787
2025-07-06 20:00:00,108493.7,108798.2,108483.4,108608.9,4313.751434748527
2025-07-06 21:00:00,108608.9,109670.0,108606.1,109162.0,9443.156575344861
2025-07-06 22:00:00,109162.0,109486.3,109151.5,109185.0,4808.891962823391
2025-07-06 23:00:00,109185.0,109232.8,108957.7,109145.7,3557.436642556652
2025-07-07 00:00:00,109145.7,109232.8,108742.7,108774.2,4363.547705428086
2025-07-07 01:00:00,108774.2,109050.0,108623.0,108966.3,4213.32527144211
2025-07-07 02:00:00,108966.3,109474.1,108966.0,109308.3,5811.282292235308
2025-07-07 03:00:00,109308.3,109661.5,109308.3,109349.0,6249.986343026196
2025-07-07 04:00:00,109349.0,109409.9,109063.2,109063.5,3194.90622994787
2025-07-07 05:00:00,109063.5,109159.9,108968.0,109028.0,3455.723531235163
2025-07-07 06:00:00,109028.0,109115.7,108714.0,108733.0,4238.859352070202
2025-07-07 07:00:00,108733.0,109000.0,108622.7,109000.0,4893.244215045061
2025-07-07 08:00:00,109000.0,109037.2,108634.1,108961.5,4927.08004370825
2025-07-07 09:00:00,108961.5,108961.6,108700.1,108797.2,3566.877986636656
2025-07-07 10:00:00,108797.2,108860.0,108629.2,108635.5,2366.54990842068
2025-07-07 11:00:00,108635.5,108750.0,108528.1,108600.0,1784.9451
2025-07-07 12:00:00,108600.0,108600.0,108265.6,108306.5,2217.9939
2025-07-07 13:00:00,108306.5,108665.5,107975.5,108490.7,4416.0828
2025-07-07 14:00:00,108490.7,108612.4,107868.1,108163.4,4692.8093
2025-07-07 15:00:00,108163.4,108574.9,108160.8,108252.0,2822.6399
2025-07-07 16:00:00,108252.0,108460.7,107858.0,107917.2,4611.9468
2025-07-07 17:00:00,107917.2,108300.2,107759.1,107900.0,2887.027
2025-07-07 18:00:00,107900.0,108064.4,107477.1,107976.4,2763.2206
2025-07-07 19:00:00,107976.4,108265.2,107949.3,107980.4,3644.8823
2025-07-07 20:00:00,107980.4,108100.0,107810.1,107815.5,3548.5272
2025-07-07 21:00:00,107815.5,108157.0,107730.0,108107.1,3277.3614
2025-07-07 22:00:00,108107.1,108135.3,107920.0,107966.0,2783.4796
2025-07-07 23:00:00,107966.0,108250.3,107966.0,108208.6,2825.3173
2025-07-08 00:00:00,108208.6,108475.0,108139.0,108248.9,3190.9418
2025-07-08 01:00:00,108248.9,108248.9,107630.0,107650.0,2258.7218
2025-07-08 02:00:00,107650.0,107900.5,107400.0,107721.0,3128.6518
2025-07-08 03:00:00,107721.0,107938.8,107646.9,107854.0,2645.6178
2025-07-08 04:00:00,107854.0,107984.5,107703.5,107984.5,3216.129
2025-07-08 05:00:00,107984.5,108182.0,107300.0,108146.0,2485.0859
2025-07-08 06:00:00,108146.0,108572.3,106111.1,108241.5,5079.2138
2025-07-08 07:00:00,108241.5,108445.4,108162.2,108430.6,3531.88525943
2025-07-08 08:00:00,108430.6,108478.7,108207.7,108208.0,4239.78651435
2025-07-08 09:00:00,108208.0,108840.2,108172.0,108405.2,3556.17200961
2025-07-08 10:00:00,108405.2,108869.3,108359.4,108780.0,4708.99075782
2025-07-08 11:00:00,108780.0,108964.7,107514.8,108713.0,4439.32991055
2025-07-08 12:00:00,108713.0,108888.4,108640.5,108887.6,3068.70946328
2025-07-08 13:00:00,108887.6,109168.5,108383.7,108977.1,4493.15099366
2025-07-08 14:00:00,108977.1,109017.0,107916.4,108331.5,7246.26077521
2025-07-08 15:00:00,108331.5,108487.0,108155.8,108217.0,3801.86231674
2025-07-08 16:00:00,108217.0,108493.7,108041.5,108382.0,4013.74618526
2025-07-08 17:00:00,108382.0,109240.2,108382.0,108940.4,5342.90018774
2025-07-08 18:00:00,108940.4,109115.7,108856.1,109111.5,3460.81800349
2025-07-08 19:00:00,109111.5,109111.5,108677.5,108740.7,3313.7141391
2025-07-08 20:00:00,108740.7,108900.3,108592.2,108598.4,1774.00808911
2025-07-08 21:00:00,108598.4,108900.0,108569.5,108846.5,1800.10899481
2025-07-08 22:00:00,108846.5,108900.0,108751.6,108861.0,1911.62386574
2025-07-08 23:00:00,108861.0,108925.3,108763.5,108873.0,2409.5080028
2025-07-09 00:00:00,108873.0,108913.5,108727.1,108890.4,3095.53017715
2025-07-09 01:00:00,108890.4,109101.9,108666.0,108730.4,3815.26599621
2025-07-09 02:00:00,108730.4,108796.0,108547.9,108577.5,3528.84517602
2025-07-09 03:00:00,108577.5,108629.0,108284.0,108313.3,3376.37985029
2025-07-09 04:00:00,108313.3,108520.5,108299.7,108496.3,3038.64022768
2025-07-09 05:00:00,108496.3,108895.8,108263.4,108729.0,3065.13068312
2025-07-09 06:00:00,108729.0,108812.5,108619.8,108788.6,1786.32476875
2025-07-09 07:00:00,108788.6,108829.4,108622.0,108657.5,2059.25894566
2025-07-09 08:00:00,108657.5,110956.4,108601.0,108612.5,3453.17965267
2025-07-09 09:00:00,108612.5,108848.8,108509.7,108703.5,3010.41409888
2025-07-09 10:00:00,108703.5,108850.5,108654.0,108850.5,3243.586008
2025-07-09 11:00:00,108850.5,109412.4,108849.5,109008.5,3694.53484482
2025-07-09 12:00:00,109008.5,109763.5,108684.1,109286.5,3524.6771357
2025-07-09 13:00:00,109286.5,109738.0,109085.0,109134.5,5020.25259715
2025-07-09 14:00:00,109134.5,109427.5,107894.8,108850.0,6883.21173758
2025-07-09 15:00:00,108850.0,109174.9,108750.4,109020.3,2977.71611861
2025-07-09 16:00:00,109020.3,109426.3,108975.6,109350.0,2484.8410109
2025-07-09 17:00:00,109350.0,109381.0,108987.5,109108.0,2624.81675887
2025-07-09 18:00:00,109108.0,109536.6,109084.5,109485.5,3818.39490132
2025-07-09 19:00:00,109485.5,112022.5,108958.4,111714.9,10694.11190707
2025-07-09 20:00:00,111714.9,111923.3,110509.5,110679.0,7651.54766255
2025-07-09 21:00:00,110679.0,111239.3,110195.1,110785.4,3639.12065359
2025-07-09 22:00:00,110785.4,111377.2,110782.5,111332.5,3501.40563305
2025-07-09 23:00:00,111332.5,111484.4,111182.8,111199.5,2868.33077677
2025-07-10 00:00:00,111199.5,111270.0,110865.9,110869.0,2984.52267897
2025-07-10 01:00:00,110869.0,111320.6,110846.0,111148.0,3308.62541014
2025-07-10 02:00:00,111148.0,111527.4,110909.3,111178.5,2883.36163743
2025-07-10 03:00:00,111178.5,111182.7,110942.1,111033.3,2496.03962287
2025-07-10 04:00:00,111033.3,111146.0,110908.6,111106.5,3013.95421225
2025-07-10 05:00:00,111106.5,111243.5,110636.4,111052.5,2625.16393005
2025-07-10 06:00:00,111052.5,111980.0,110751.4,111185.7,2269.77439588
2025-07-10 07:00:00,111185.7,111441.7,110577.8,111186.0,3260.75049106
2025-07-10 08:00:00,111186.0,111796.9,110736.2,111194.0,4113.81623492
2025-07-10 09:00:00,111194.0,111214.7,110970.1,110997.5,3419.23248181
2025-07-10 10:00:00,110997.5,112913.3,110817.4,111037.0,3150.46804384
2025-07-10 11:00:00,111037.0,111138.2,110916.8,110972.5,2023.13181083
2025-07-10 12:00:00,110972.5,111606.6,110697.5,110809.6,4820.07693428
2025-07-10 13:00:00,110809.6,110987.5,110474.5,110744.1,6773.54401751
2025-07-10 14:00:00,110744.1,111638.9,110582.3,111195.0,6549.7726859
2025-07-10 15:00:00,111195.0,111362.5,110920.0,111348.5,4722.43431201
2025-07-10 16:00:00,111348.5,114072.3,111284.6,112597.3,9550.81705181
2025-07-10 17:00:00,112597.3,113753.4,112515.9,113682.0,9249.54954597
2025-07-10 18:00:00,113682.0,113708.3,112953.0,113381.0,6752.61942909
2025-07-10 19:00:00,113381.0,113639.9,113044.0,113253.4,4206.00949571
2025-07-10 20:00:00,113253.4,115593.9,113208.0,113438.8,3260.82175882
2025-07-10 21:00:00,113438.8,117785.0,113328.7,116465.5,15994.00387874
2025-07-10 22:00:00,116465.5,116652.5,115017.0,115982.5,7984.34869817
2025-07-10 23:00:00,115982.5,116074.5,115618.5,115979.0,4946.76015998
2025-07-11 00:00:00,115979.0,116052.4,115200.0,115544.5,6945.76614325
2025-07-11 01:00:00,115544.5,116039.5,115471.3,115934.5,5203.22460039
2025-07-11 02:00:00,115934.5,116753.5,115670.0,116615.1,6214.19857865
2025-07-11 03:00:00,116615.1,116916.2,115819.0,116839.5,4743.16831802
2025-07-11 04:00:00,116839.5,116881.5,116434.9,116858.5,4816.43814314
2025-07-11 05:00:00,116858.5,120000.0,114915.0,117813.1,14589.91849843
2025-07-11 06:00:00,117813.1,118365.4,117577.2,117626.5,7391.69364704
2025-07-11 07:00:00,117626.5,118937.3,117371.8,117523.2,9159.20248993
2025-07-11 08:00:00,117523.2,118116.6,117522.3,117947.8,4102.04780789
2025-07-11 09:00:00,117947.8,120250.0,117861.0,118452.0,7703.44720525
2025-07-11 10:00:00,118452.0,118476.3,117915.5,117967.6,5560.43699731
2025-07-11 11:00:00,117967.6,118090.2,117582.5,117781.0,3696.53011755
2025-07-11 12:00:00,117781.0,118225.2,117682.1,117834.5,4772.71343187
2025-07-11 13:00:00,117834.5,118173.7,117256.5,117965.0,5769.56965734
2025-07-11 14:00:00,117965.0,118156.6,117362.6,117847.5,5049.03102229
2025-07-11 15:00:00,117847.5,117951.0,116726.5,116900.5,5561.09414077
2025-07-11 16:00:00,116900.5,117449.9,116613.9,117400.0,5324.94300646
2025-07-11 17:00:00,117400.0,119524.4,117256.0,117627.0,5031.81521046
2025-07-11 18:00:00,117627.0,117731.7,117290.5,117690.2,2605.79420628
2025-07-11 19:00:00,117690.2,118128.5,117420.0,118069.1,2747.46040231
2025-07-11 20:00:00,118069.1,118070.1,117613.0,117618.0,3145.0662797
2025-07-11 21:00:00,117618.0,117868.5,117428.8,117588.5,4434.24690886
2025-07-11 22:00:00,117588.5,117636.1,117135.2,117591.0,4092.56523869
2025-07-11 23:00:00,117591.0,117651.3,117408.5,117497.5,2057.7154003
2025-07-12 00:00:00,117497.5,117624.5,117091.9,117378.5,3260.31586694
2025-07-12 01:00:00,117378.5,117664.0,117377.0,117620.0,3721.1364538
2025-07-12 02:00:00,117620.0,117783.0,117207.7,117564.0,3264.99762524
2025-07-12 03:00:00,117564.0,117815.0,117559.0,117708.5,3003.93270861
2025-07-12 04:00:00,117708.5,117848.5,117525.5,117608.5,3145.03162427
2025-07-12 05:00:00,117608.5,117677.2,117456.5,117638.5,2464.40465159
2025-07-12 06:00:00,117638.5,117944.9,117612.0,117791.5,3501.43509531
2025-07-12 07:00:00,117791.5,118205.2,117280.0,117688.0,3515.95611988
2025-07-12 08:00:00,117688.0,117888.0,117670.7,117871.0,2963.8474992
2025-07-12 09:00:00,117871.0,120000.0,116083.7,118124.9,5677.17743844
2025-07-12 10:00:00,118124.9,118693.3,117834.0,118024.0,3076.22720817
2025-07-12 11:00:00,118024.0,118067.0,117584.5,117758.5,2702.12284129
2025-07-12 12:00:00,117758.5,117820.5,117258.5,117496.0,4688.28914311
2025-07-12 13:00:00,117496.0,118182.4,116963.7,117464.5,4577.23339547
2025-07-12 14:00:00,117464.5,117713.5,117267.2,117349.5,3639.74966878
2025-07-12 15:00:00,117349.5,117671.9,116862.4,117073.5,3719.24697072
2025-07-12 16:00:00,117073.5,117374.0,117008.2,117163.0,3132.19083484
2025-07-12 17:00:00,117163.0,117521.0,117141.0,117441.0,3368.1341664
2025-07-12 18:00:00,117441.0,117477.5,117336.3,117461.5,2415.35175929
2025-07-12 19:00:00,117461.5,118000.0,117238.6,117526.5,2324.65374105
2025-07-12 20:00:00,117526.5,117529.8,117000.0,117000.0,2668.89222328
2025-07-12 21:00:00,117000.0,117530.5,116957.4,117458.2,3718.30374622
2025-07-12 22:00:00,117458.2,117522.5,117273.6,117351.5,2568.63379156
2025-07-12 23:00:00,117351.5,117423.9,117171.5,117392.8,2774.7335614
2025-07-13 00:00:00,117392.8,117428.5,117210.0,117274.0,2938.2504943
2025-07-13 01:00:00,117274.0,117618.5,117177.0,117511.0,2408.83782045
2025-07-13 02:00:00,117511.0,117769.0,117358.0,117572.0,2866.98746404
2025-07-13 03:00:00,117572.0,117789.0,117553.5,117710.0,2276.74944622
2025-07-13 04:00:00,117710.0,117855.0,117638.0,117845.0,1906.00384113
2025-07-13 05:00:00,117845.0,118000.0,115460.0,117715.0,2822.50624102
2025-07-13 06:00:00,117715.0,117944.5,117686.0,117842.0,2385.28413076
2025-07-13 07:00:00,117842.0,118016.5,117295.7,117951.5,2633.58259148
2025-07-13 08:00:00,117951.5,117966.0,117707.0,117852.6,2487.66766963
2025-07-13 09:00:00,117852.6,117999.4,117000.0,117698.5,2802.28893271
2025-07-13 10:00:00,117698.5,117821.8,117689.0,117717.0,2576.8814081
2025-07-13 11:00:00,117717.0,118057.5,117713.1,118038.5,2970.37988949
2025-07-13 12:00:00,118038.5,120311.2,115353.7,118345.5,4807.48658732
2025-07-13 13:00:00,118345.5,118725.2,118103.0,118552.5,4522.36023832
2025-07-13 14:00:00,118552.5,121029.7,117601.4,118709.6,8733.37436344
2025-07-13 15:00:00,118709.6,119079.5,118469.2,118611.0,4098.81476256
2025-07-13 16:00:00,118611.0,118944.0,118460.6,118471.6,3582.19977763
2025-07-13 17:00:00,118471.6,119113.4,118074.5,118629.1,3855.85656594
2025-07-13 18:00:00,118629.1,119014.7,118539.3,118940.0,3330.68868369
2025-07-13 19:00:00,118940.0,119447.8,118721.1,118920.5,3287.16828553
2025-07-13 20:00:00,118920.5,119327.1,118774.1,119032.5,2363.31831396
2025-07-13 21:00:00,119032.5,121412.3,117000.0,118595.5,3232.25954145
2025-07-13 22:00:00,118595.5,118737.0,118240.6,118488.5,3178.85804396
2025-07-13 23:00:00,118488.5,119156.6,118324.0,119039.5,3203.16835116
2025-07-14 00:00:00,119039.5,119443.1,118880.0,119018.5,3740.32008474
2025-07-14 01:00:00,119018.5,119207.0,118875.5,119051.0,3863.37245638
2025-07-14 02:00:00,119051.0,120007.7,118928.5,119628.0,5687.50091331
2025-07-14 03:00:00,119628.0,122106.8,119558.0,120736.1,7768.11069735
2025-07-14 04:00:00,120736.1,123566.0,120359.7,121372.7,6561.10790596
2025-07-14 05:00:00,121372.7,123825.9,121116.2,122450.3,12296.12599978
2025-07-14 06:00:00,122450.3,122460.4,122022.0,122112.2,4819.19022879
2025-07-14 07:00:00,122112.2,124655.9,122088.0,122694.9,6834.34542904
2025-07-14 08:00:00,122694.9,122758.6,122290.5,122558.0,3480.678505
2025-07-14 09:00:00,122558.0,122568.5,121881.0,121980.0,4519.91143837
2025-07-14 10:00:00,121980.0,122227.1,121520.1,121912.0,3910.93131324
2025-07-14 11:00:00,121912.0,123750.0,121146.9,121485.0,3510.26716591
2025-07-14 12:00:00,121485.0,121914.0,121409.0,121900.0,2812.72648156
2025-07-14 13:00:00,121900.0,122111.0,121150.5,121702.7,4326.93729514
2025-07-14 14:00:00,121702.7,121960.2,120618.6,121191.0,5659.20133175
2025-07-14 15:00:00,121191.0,121191.0,119600.0,119868.1,6987.70385886
2025-07-14 16:00:00,119868.1,120298.5,119228.8,120258.0,4700.34167884
2025-07-14 17:00:00,120258.0,120503.0,119751.0,119877.5,3172.11361664
2025-07-14 18:00:00,119877.5,120160.5,119596.0,119615.3,2229.93211846
2025-07-14 19:00:00,119615.3,120070.5,119566.0,119914.5,2294.02863734
2025-07-14 20:00:00,119914.5,120422.1,119506.9,120139.0,3785.65907527
2025-07-14 21:00:00,120139.0,120224.5,119798.0,120012.0,3246.27883495
2025-07-14 22:00:00,120012.0,122200.0,119897.0,120017.2,2695.80967606
2025-07-14 23:00:00,120017.2,120027.0,119733.1,119815.0,1777.72834322
2025-07-15 00:00:00,119815.0,119916.5,119086.7,119458.0,2922.25531947
2025-07-15 01:00:00,119458.0,119500.0,118414.9,118495.0,5571.44080828
2025-07-15 02:00:00,118495.0,118852.0,117840.5,118256.8,5585.30807363
2025-07-15 03:00:00,118256.8,118256.8,116884.1,117221.5,7355.1320066
2025-07-15 04:00:00,117221.5,117524.9,116278.5,117480.5,6578.0287024
2025-07-15 05:00:00,117480.5,117757.5,116972.5,117333.0,4202.56565252
2025-07-15 06:00:00,117333.0,117333.0,116741.5,117048.5,6991.5373926
2025-07-15 07:00:00,117048.5,117254.6,116435.6,116779.5,4730.61042253
2025-07-15 08:00:00,116779.5,116864.0,116310.2,116768.5,4203.41008033
2025-07-15 09:00:00,116768.5,117200.0,114699.9,116766.0,3606.26803981
2025-07-15 10:00:00,116766.0,117200.0,116727.5,117057.5,2589.44595966
2025-07-15 11:00:00,117057.5,117169.5,116338.3,117110.0,3998.43426352
2025-07-15 12:00:00,117110.0,117464.0,116391.2,117171.5,6128.01002604
2025-07-15 13:00:00,117171.5,118640.6,117095.7,118059.3,8185.33169043
2025-07-15 14:00:00,118059.3,118440.0,115679.4,115954.2,7676.29879284
2025-07-15 15:00:00,115954.2,116735.1,115765.5,116389.7,5970.10523881
2025-07-15 16:00:00,116389.7,117718.5,116365.9,117192.7,6405.05075065
2025-07-15 17:00:00,117192.7,117579.6,117122.4,117403.1,3807.52570575
2025-07-15 18:00:00,117403.1,117428.1,116055.5,116736.5,5860.08396778
2025-07-15 19:00:00,116736.5,117233.2,116301.0,116393.8,4566.12067534
2025-07-15 20:00:00,116393.8,116696.9,116193.1,116417.4,2650.86201141
2025-07-15 21:00:00,116417.4,117594.3,116346.2,117531.5,3499.34122446
2025-07-15 22:00:00,117531.5,118164.9,116895.7,117796.7,3784.29361878
2025-07-15 23:00:00,117796.7,118147.3,117477.5,117738.0,3678.45495323
2025-07-16 00:00:00,117738.0,118196.3,117410.5,118111.8,4356.8738854
2025-07-16 01:00:00,118111.8,118204.5,117577.0,117730.5,3417.01552678
2025-07-16 02:00:00,117730.5,118043.6,117030.0,117334.5,3507.59881692
2025-07-16 03:00:00,117334.5,117537.1,117222.0,117479.8,2073.33479125
2025-07-16 04:00:00,117479.8,117941.2,117257.9,117598.6,2527.93809668
2025-07-16 05:00:00,117598.6,118151.8,117598.6,117859.0,3427.36859044
2025-07-16 06:00:00,117859.0,118285.0,117734.8,118254.0,3357.49155853
2025-07-16 07:00:00,118254.0,118300.5,118019.7,118174.9,3880.88092092
2025-07-16 08:00:00,118174.9,120130.1,118125.0,118687.5,5164.6779897
2025-07-16 09:00:00,118687.5,119206.5,118683.9,119179.0,5012.02125025
2025-07-16 10:00:00,119179.0,119296.2,118713.0,118723.8,3375.74231408
2025-07-16 11:00:00,118723.8,118899.2,118619.2,118749.4,3686.07258882
2025-07-16 12:00:00,118749.4,119044.7,118289.5,118582.9,3875.04228897
2025-07-16 13:00:00,118582.9,118866.0,118175.0,118658.4,4038.13663035
2025-07-16 14:00:00,118658.4,119223.7,118185.5,119014.5,4628.7314442
2025-07-16 15:00:00,119014.5,119763.0,118297.5,119040.0,8212.87744717
2025-07-16 16:00:00,119040.0,119291.5,118426.6,119251.5,4027.95657413
2025-07-16 17:00:00,119251.5,119671.4,118950.5,119018.5,3090.865233
2025-07-16 18:00:00,119018.5,120347.0,118836.5,119454.5,4457.02495222
2025-07-16 19:00:00,119454.5,119597.5,118788.4,119196.6,4575.80891795
2025-07-16 20:00:00,119196.6,119909.0,118895.0,119886.5,3238.71771399
2025-07-16 21:00:00,119886.5,120071.1,117741.0,119253.5,5599.30346783
2025-07-16 22:00:00,119253.5,119466.0,118562.2,118622.0,2563.12828284
2025-07-16 23:00:00,118622.0,118800.5,118362.0,118616.5,2400.84348228
2025-07-17 00:00:00,118616.5,119241.0,118585.1,118867.6,2311.22756681
2025-07-17 01:00:00,118867.6,119053.5,117400.0,118128.5,4548.33752074
2025-07-17 02:00:00,118128.5,118584.6,117985.3,118277.5,3622.86698024
2025-07-17 03:00:00,118277.5,118371.6,117718.0,118094.1,3758.42719367
2025-07-17 04:00:00,118094.1,118466.0,117921.0,118466.0,2824.07370668
2025-07-17 05:00:00,118466.0,118610.5,118182.0,118550.5,2556.53668328
2025-07-17 06:00:00,118550.5,118749.5,118320.5,118440.0,3524.86712806
2025-07-17 07:00:00,118440.0,119765.2,117800.0,118277.5,3846.04707644
2025-07-17 08:00:00,118277.5,118405.5,118074.5,118302.0,2238.59854741
2025-07-17 09:00:00,118302.0,119185.0,118220.0,118761.0,3040.97126754
2025-07-17 10:00:00,118761.0,118867.0,118206.5,118330.0,2940.78614973
2025-07-17 11:00:00,118330.0,118366.5,117960.0,117967.5,3433.91808874
2025-07-17 12:00:00,117967.5,118183.2,117424.2,117870.5,4735.75003509
2025-07-17 13:00:00,117870.5,118442.5,117514.5,118269.4,4052.24465701
2025-07-17 14:00:00,118269.4,118840.8,118159.1,118697.0,3899.3851013
2025-07-17 15:00:00,118697.0,119100.5,118164.2,118877.0,2873.31008694
2025-07-17 16:00:00,118877.0,118945.0,118023.7,118552.0,4724.65300023
2025-07-17 17:00:00,118552.0,119342.9,118487.0,119272.0,4177.93060211
2025-07-17 18:00:00,119272.0,119784.5,119197.1,119579.6,3955.57076763
2025-07-17 19:00:00,119579.6,119878.8,118821.0,118949.5,3416.72371111
2025-07-17 20:00:00,118949.5,119429.5,118386.5,119428.0,4470.47715854
2025-07-17 21:00:00,119428.0,120948.0,119418.0,120253.5,12112.21141146
2025-07-17 22:00:00,120253.5,120682.3,119460.0,119765.0,3892.46423692
2025-07-17 23:00:00,119765.0,121938.3,117331.8,119173.5,7694.10593838
2025-07-18 00:00:00,119173.5,119772.0,119021.0,119730.5,3091.85590602
2025-07-18 01:00:00,119730.5,120783.0,118000.0,120343.5,11111.53837405
2025-07-18 02:00:00,120343.5,120393.5,119861.5,120080.0,3275.8563166
2025-07-18 03:00:00,120080.0,120453.7,119925.5,120211.0,4076.62879379
2025-07-18 04:00:00,120211.0,120454.0,119735.5,120406.0,2383.9157427
2025-07-18 05:00:00,120406.0,120638.0,117363.3,120580.0,7548.79262724
2025-07-18 06:00:00,120580.0,122825.6,118500.0,120240.0,8317.88018512
2025-07-18 07:00:00,120240.0,120362.5,118023.0,119355.0,5111.64785342
2025-07-18 08:00:00,119355.0,119485.6,118382.4,118638.5,4562.83701832
2025-07-18 09:00:00,118638.5,120362.5,118004.8,118885.0,3360.63151443
2025-07-18 10:00:00,118885.0,119266.0,118405.6,119241.0,3427.4663056
2025-07-18 11:00:00,119241.0,119294.5,118771.4,119177.0,2677.17258589
2025-07-18 12:00:00,119177.0,119522.0,119129.5,119458.0,2995.28898091
2025-07-18 13:00:00,119458.0,119458.0,118497.1,118758.2,4481.40259221
2025-07-18 14:00:00,118758.2,119252.0,117000.0,118122.0,8000.02408563
2025-07-18 15:00:00,118122.0,118257.8,117348.5,117867.0,4092.9240539
2025-07-18 16:00:00,117867.0,120270.3,115475.0,117543.5,4085.47101027
2025-07-18 17:00:00,117543.5,117975.0,115248.0,117570.5,3435.66703072
2025-07-18 18:00:00,117570.5,117711.5,117266.0,117266.0,2407.12900033
2025-07-18 19:00:00,117266.0,117854.0,116932.6,117297.5,3568.46226228
2025-07-18 20:00:00,117297.5,117526.5,116787.0,117409.0,6370.34623306
2025-07-18 21:00:00,117409.0,117862.9,117349.0,117646.5,3206.94433928
2025-07-18 22:00:00,117646.5,117941.0,117377.1,117661.0,3966.48420471
2025-07-18 23:00:00,117661.0,120089.5,117428.5,117896.0,4440.54275087
2025-07-19 00:00:00,117896.0,118011.0,117674.3,117715.0,3354.46271756
2025-07-19 01:00:00,117715.0,118197.7,117586.0,118011.0,3607.0749941
2025-07-19 02:00:00,118011.0,118273.0,117898.5,118180.0,3662.66664074
2025-07-19 03:00:00,118180.0,118372.3,118089.0,118293.5,2596.19095199
2025-07-19 04:00:00,118293.5,118350.0,118026.2,118104.5,1735.46353702
2025-07-19 05:00:00,118104.5,118271.5,118019.0,118173.0,1965.0180153
2025-07-19 06:00:00,118173.0,118247.6,118033.0,118138.5,2995.27620093
2025-07-19 07:00:00,118138.5,118302.5,118115.5,118137.5,3835.1457
2025-07-19 08:00:00,118137.5,123953.0,112933.7,118059.5,3635.95063332
2025-07-19 09:00:00,118059.5,118303.0,116000.0,117625.3,1995.95303931
2025-07-19 10:00:00,117625.3,118468.5,117625.3,118388.5,2105.34763714
2025-07-19 11:00:00,118388.5,119023.0,118128.5,118298.5,3418.0970892
2025-07-19 12:00:00,118298.5,118303.2,118083.0,118220.8,3041.90749196
2025-07-19 13:00:00,118220.8,118301.6,118046.0,118157.5,2331.58075136
2025-07-19 14:00:00,118157.5,118205.0,117461.8,117648.0,3801.39889283
2025-07-19 15:00:00,117648.0,118224.0,117627.2,118025.5,2773.96317863
2025-07-19 16:00:00,118025.5,118146.4,117824.5,117940.5,2497.27695016
2025-07-19 17:00:00,117940.5,117968.2,117700.1,117786.0,3430.91927615
2025-07-19 18:00:00,117786.0,118018.5,117726.0,117816.0,2967.6666144
2025-07-19 19:00:00,117816.0,118426.3,117048.0,117981.0,2228.16177374
2025-07-19 20:00:00,117981.0,118124.8,117679.2,117679.2,1782.28715186
2025-07-19 21:00:00,117679.2,117812.4,117261.3,117664.5,3761.94002918
2025-07-19 22:00:00,117664.5,117828.5,117490.0,117758.5,2726.6128432
2025-07-19 23:00:00,117758.5,117898.9,117701.0,117812.0,2804.34923142
2025-07-20 00:00:00,117812.0,118060.6,117617.5,117911.5,3788.9818
2025-07-20 01:00:00,117911.5,118122.2,117856.0,117911.9,3461.44291941
2025-07-20 02:00:00,117911.9,117991.5,117740.5,117959.0,3025.36148908
2025-07-20 03:00:00,117959.0,118682.4,117725.0,117933.5,2971.44248626
2025-07-20 04:00:00,117933.5,118102.0,117855.0,117919.0,3246.617
2025-07-20 05:00:00,117919.0,117950.0,117455.8,117820.0,2480.3965109
2025-07-20 06:00:00,117820.0,117863.4,117731.9,117800.0,2014.2873552
2025-07-20 07:00:00,117800.0,118201.7,117796.0,118001.0,2063.44036897
2025-07-20 08:00:00,118001.0,118233.3,117988.0,118137.5,2538.70836372
2025-07-20 09:00:00,118137.5,118256.5,117869.0,117883.0,3272.66584458
2025-07-20 10:00:00,117883.0,117988.7,117848.0,117882.5,2177.21187407
2025-07-20 11:00:00,117882.5,118054.6,117785.2,117871.9,2397.59912752
2025-07-20 12:00:00,117871.9,118143.3,117700.5,118057.5,2990.03558372
2025-07-20 13:00:00,118057.5,119160.0,118052.0,118380.0,2297.89466642
2025-07-20 14:00:00,118380.0,119452.0,117720.0,118433.0,6257.78770941
2025-07-20 15:00:00,118433.0,118754.8,118327.5,118666.3,3567.96072956
2025-07-20 16:00:00,118666.3,118858.0,118448.0,118521.5,2433.31870958
2025-07-20 17:00:00,118521.5,118533.0,117930.0,118002.9,2753.89856625
2025-07-20 18:00:00,118002.9,118421.3,118002.9,118328.5,2624.05327391
2025-07-20 19:00:00,118328.5,118542.9,118133.7,118133.7,2738.29944987
2025-07-20 20:00:00,118133.7,118334.6,117839.3,118062.0,2970.70998404
2025-07-20 21:00:00,118062.0,118140.5,117799.0,117985.5,3206.3145415
2025-07-20 22:00:00,117985.5,118026.7,116415.3,117430.5,6227.34197552
2025-07-20 23:00:00,117430.5,117523.0,116914.5,117252.5,3583.86640295
2025-07-21 00:00:00,117252.5,117322.5,116456.1,117311.5,4184.64789245
2025-07-21 01:00:00,117311.5,117404.5,116728.5,117258.4,2906.56411831
2025-07-21 02:00:00,117258.4,118150.6,117258.4,118131.0,3251.29528008
2025-07-21 03:00:00,118131.0,118583.5,118103.7,118378.1,3615.21909964
2025-07-21 04:00:00,118378.1,118620.4,118235.2,118307.5,2469.75758419
2025-07-21 05:00:00,118307.5,118400.5,118142.0,118400.0,3081.18612065
2025-07-21 06:00:00,118400.0,119224.5,117914.5,119155.9,3731.16942486
2025-07-21 07:00:00,119155.9,119654.8,118000.0,119346.0,4380.33624013
2025-07-21 08:00:00,119346.0,119487.6,118832.0,118992.0,4396.08034449
2025-07-21 09:00:00,118992.0,119257.7,118520.3,118667.5,2883.66138791
2025-07-21 10:00:00,118667.5,118779.0,118315.3,118558.0,2438.46379863
2025-07-21 11:00:00,118558.0,118768.0,117946.3,118047.0,2835.31264489
2025-07-21 12:00:00,118047.0,118564.4,117500.0,118137.5,3978.89921022
2025-07-21 13:00:00,118137.5,119083.3,117742.0,118807.5,4553.04658583
2025-07-21 14:00:00,118807.5,119191.0,118257.7,118797.1,3528.57610991
2025-07-21 15:00:00,118797.1,119500.9,118261.5,118305.5,3214.9498539
2025-07-21 16:00:00,118305.5,118378.5,117000.0,117741.0,5708.19118011
2025-07-21 17:00:00,117741.0,118078.0,117287.2,117807.5,4234.96314254
2025-07-21 18:00:00,117807.5,118159.8,117046.5,117147.5,3045.4021202
2025-07-21 19:00:00,117147.5,117483.5,116629.6,116722.5,3444.74667369
2025-07-21 20:00:00,116722.5,117202.5,116629.6,116891.8,8520.97701943
2025-07-21 21:00:00,116891.8,117712.6,116830.2,117174.5,2129.76500435
2025-07-21 22:00:00,117174.5,117593.0,117073.0,117306.0,2893.13704905
2025-07-21 23:00:00,117306.0,117461.5,117080.2,117331.5,3056.56421943
2025-07-22 00:00:00,117331.5,117477.5,116970.9,117073.0,3657.20894968
2025-07-22 01:00:00,117073.0,117903.1,115980.8,117702.6,7042.82596695
2025-07-22 02:00:00,117702.6,117775.5,116628.1,116989.0,3926.99285829
2025-07-22 03:00:00,116989.0,117212.8,116640.5,117170.0,3451.17840549
2025-07-22 04:00:00,117170.0,117323.0,116503.5,116503.5,4100.02157994
2025-07-22 05:00:00,116503.5,117320.5,116500.1,117278.5,4591.44456948
2025-07-22 06:00:00,117278.5,117801.0,117227.0,117783.5,2837.59601522
2025-07-22 07:00:00,117783.5,118554.5,117188.7,117952.0,5143.65925983
2025-07-22 08:00:00,117952.0,118335.4,117000.0,118253.0,5355.58937617
2025-07-22 09:00:00,118253.0,118641.4,117851.0,118367.4,3569.03711861
2025-07-22 10:00:00,118367.4,118944.0,118105.9,118937.5,4752.309823
2025-07-22 11:00:00,118937.5,119201.6,118762.4,119144.7,3539.62310219
2025-07-22 12:00:00,119144.7,119424.5,119031.4,119258.2,2944.76212942
2025-07-22 13:00:00,119258.2,119567.2,118003.6,118124.0,8589.17434453
2025-07-22 14:00:00,118124.0,119100.0,117500.0,119088.0,7615.39262767
2025-07-22 15:00:00,119088.0,119174.9,118674.5,118898.0,5247.58338525
2025-07-22 16:00:00,118898.0,119368.5,118599.5,118669.0,4566.2684712
2025-07-22 17:00:00,118669.0,119214.4,118374.4,119192.5,4472.66633892
2025-07-22 18:00:00,119192.5,120237.2,118875.4,119769.5,3972.65591296
2025-07-22 19:00:00,119769.5,119947.5,119097.0,119288.5,4622.96000553
2025-07-22 20:00:00,119288.5,119910.7,119205.8,119713.0,4125.29090824
2025-07-22 21:00:00,119713.0,119795.0,119422.0,119422.0,3037.22514192
2025-07-22 22:00:00,119422.0,120730.3,119422.0,119856.0,3249.18622633
2025-07-22 23:00:00,119856.0,120264.0,119841.5,119992.5,3087.76470102
2025-07-23 00:00:00,119992.5,120136.5,119527.0,119587.0,3515.12290925
2025-07-23 01:00:00,119587.0,119724.4,119422.0,119521.5,3533.94535349
2025-07-23 02:00:00,119521.5,119569.5,118992.7,119097.5,3999.2229852
2025-07-23 03:00:00,119097.5,119113.0,118517.8,118619.5,2173.42003557
2025-07-23 04:00:00,118619.5,118977.5,118567.5,118977.5,2424.31520514
2025-07-23 05:00:00,118977.5,118996.5,118583.5,118620.0,2428.62097187
2025-07-23 06:00:00,118620.0,118697.5,118357.0,118400.0,4033.84289184
2025-07-23 07:00:00,118400.0,118571.5,118275.5,118327.0,3647.63528219
2025-07-23 08:00:00,118327.0,118532.9,118206.5,118385.5,2820.42389248
2025-07-23 09:00:00,118385.5,118445.5,117871.6,118001.5,4017.17622401
2025-07-23 10:00:00,118001.5,118362.3,117787.4,118332.0,3163.93027197
2025-07-23 11:00:00,118332.0,118584.6,118120.5,118485.0,3357.96708221
2025-07-23 12:00:00,118485.0,118615.5,116000.0,117928.5,6310.2873067
2025-07-23 13:00:00,117928.5,118159.5,117276.8,117336.0,6682.98734274
2025-07-23 14:00:00,117336.0,118172.4,117301.0,118172.4,4923.11884393
2025-07-23 15:00:00,118172.4,118657.1,117770.5,118515.3,4477.80676587
2025-07-23 16:00:00,118515.3,118533.5,117503.5,117681.0,4698.1982879
2025-07-23 17:00:00,117681.0,118400.0,116778.5,118054.3,5955.82378194
2025-07-23 18:00:00,118054.3,118338.5,117967.5,118331.0,3346.10475073
2025-07-23 19:00:00,118331.0,118604.0,118088.6,118348.1,2946.77396292
2025-07-23 20:00:00,118348.1,118445.0,117535.2,117854.7,3087.29250182
2025-07-23 21:00:00,117854.7,118143.0,117325.5,118105.5,3673.52045325
2025-07-23 22:00:00,118105.5,118601.5,117900.5,118527.0,3965.36021
2025-07-23 23:00:00,118527.0,118726.6,118371.0,118714.0,4212.96456347
2025-07-24 00:00:00,118714.0,119103.9,118526.5,119026.0,4865.77183087
2025-07-24 01:00:00,119026.0,119077.5,118753.5,119059.0,3772.39734831
2025-07-24 02:00:00,119059.0,119063.1,118763.5,118903.0,3551.19967667
2025-07-24 03:00:00,118903.0,119254.5,118428.1,118455.0,4940.95316131
2025-07-24 04:00:00,118455.0,118536.6,115477.5,117915.5,4362.65371109
2025-07-24 05:00:00,117915.5,117931.1,117452.0,117566.2,3131.15272889
2025-07-24 06:00:00,117566.2,117820.0,117337.5,117421.5,4442.1103365
2025-07-24 07:00:00,117421.5,118437.5,117053.5,118360.6,5184.37066001
2025-07-24 08:00:00,118360.6,118776.5,118187.7,118731.5,3278.92896719
2025-07-24 09:00:00,118731.5,118777.5,118276.0,118451.6,3712.1673697
2025-07-24 10:00:00,118451.6,118609.0,117927.5,118352.0,3926.60373108
2025-07-24 11:00:00,118352.0,118713.5,118290.0,118572.5,4802.53879488
2025-07-24 12:00:00,118572.5,120600.0,115565.5,118478.0,7449.15760965
2025-07-24 13:00:00,118478.0,118672.5,118152.2,118171.5,3871.66848051
2025-07-24 14:00:00,118171.5,119098.5,117770.5,119042.0,6866.92373454
2025-07-24 15:00:00,119042.0,119446.0,118572.0,119050.5,5907.48571737
2025-07-24 16:00:00,119050.5,119178.3,118315.0,118497.0,3316.36485309
2025-07-24 17:00:00,118497.0,119288.5,118447.5,119094.5,3778.50641392
2025-07-24 18:00:00,119094.5,119372.0,118934.3,119006.5,3564.94320423
2025-07-24 19:00:00,119006.5,119298.5,118850.0,118896.0,3066.32959377
2025-07-24 20:00:00,118896.0,118947.8,118673.0,118680.5,2744.13180667
2025-07-24 21:00:00,118680.5,118753.0,118436.0,118493.0,2864.59664622
2025-07-24 22:00:00,118493.0,118584.5,118126.5,118221.4,3034.35347981
2025-07-24 23:00:00,118221.4,118415.0,118109.0,118281.5,3447.77592122
2025-07-25 00:00:00,118281.5,118397.6,117596.3,117617.5,4489.66954029
2025-07-25 01:00:00,117617.5,117758.0,117196.0,117334.5,4509.24649336
2025-07-25 02:00:00,117334.5,117339.0,115825.0,116303.0,6071.28431972
2025-07-25 03:00:00,116303.0,116378.4,115296.7,115409.1,7020.8305351
2025-07-25 04:00:00,115409.1,116081.5,115070.7,116042.0,5764.40462195
2025-07-25 05:00:00,116042.0,116042.0,115224.7,115479.5,5101.83937213
2025-07-25 06:00:00,115479.5,115482.5,115161.0,115262.0,4132.33647487
2025-07-25 07:00:00,115262.0,115929.1,114668.7,115296.8,7914.57645055
2025-07-25 08:00:00,115296.8,115937.5,115008.9,115191.0,7693.94010821
2025-07-25 09:00:00,115191.0,116040.9,115020.5,116028.0,4878.6604443
2025-07-25 10:00:00,116028.0,118000.0,115741.9,116274.4,5774.65698318
2025-07-25 11:00:00,116274.4,116751.5,116000.0,116505.0,5908.55585971
2025-07-25 12:00:00,116505.0,116623.0,115934.0,116078.0,6050.78451376
2025-07-25 13:00:00,116078.0,116567.8,114914.4,116191.0,6086.53270275
2025-07-25 14:00:00,116191.0,116261.1,114500.0,114934.5,8851.40629825
2025-07-25 15:00:00,114934.5,117007.0,114107.2,115697.0,5868.75359611
2025-07-25 16:00:00,115697.0,116291.7,114939.5,116140.5,5857.63034739
2025-07-25 17:00:00,116140.5,116319.1,115848.0,116002.5,3304.08147905
2025-07-25 18:00:00,116002.5,116534.5,116002.5,116457.5,1883.51484521
2025-07-25 19:00:00,116457.5,116971.5,116382.5,116668.5,2871.03156864
2025-07-25 20:00:00,116668.5,117308.9,116528.5,117004.2,4080.06072741
2025-07-25 21:00:00,117004.2,117358.0,116931.5,117181.5,3309.95510336
2025-07-25 22:00:00,117181.5,117474.3,116433.5,117248.0,2115.09233552
2025-07-25 23:00:00,117248.0,117615.5,117149.0,117582.0,2418.44493147
2025-07-26 00:00:00,117582.0,117588.5,116801.4,117472.0,3210.99979306
2025-07-26 01:00:00,117472.0,117537.5,117112.5,117145.5,2380.12972678
2025-07-26 02:00:00,117145.5,117865.4,117144.0,117441.5,3166.36609203
2025-07-26 03:00:00,117441.5,117583.0,117190.0,117458.0,2785.87421224
2025-07-26 04:00:00,117458.0,117518.5,116978.9,117466.5,2781.46390437
2025-07-26 05:00:00,117466.5,117521.0,117388.5,117417.5,2357.8098029
2025-07-26 06:00:00,117417.5,117678.1,117288.0,117309.0,1988.41322583
2025-07-26 07:00:00,117309.0,117359.5,116978.9,117290.5,2573.775428
2025-07-26 08:00:00,117290.5,117845.1,117285.0,117531.0,2374.40731589
2025-07-26 09:00:00,117531.0,117597.0,117417.0,117548.0,2606.71865747
2025-07-26 10:00:00,117548.0,118197.0,117501.0,117954.0,5643.87172495
2025-07-26 11:00:00,117954.0,118299.9,117758.5,117758.5,3047.99245266
2025-07-26 12:00:00,117758.5,117982.7,117750.9,117882.0,2233.93980463
2025-07-26 13:00:00,117882.0,118213.0,117820.5,118099.5,2734.35187231
2025-07-26 14:00:00,118099.5,118202.5,117935.0,118029.0,2689.69639907
2025-07-26 15:00:00,118029.0,118146.2,117810.1,118113.5,2781.8837996
2025-07-26 16:00:00,118113.5,118201.5,117986.5,118053.0,2712.91163082
2025-07-26 17:00:00,118053.0,118080.0,117959.0,118008.5,2834.4177408
2025-07-26 18:00:00,118008.5,118089.0,117915.0,118063.0,2916.847824
2025-07-26 19:00:00,118063.0,118278.5,118020.5,118213.7,3248.04431435
2025-07-26 20:00:00,118213.7,118213.7,117843.5,117919.5,2368.70482519
2025-07-26 21:00:00,117919.5,118055.0,117851.0,118014.5,2118.8625768
2025-07-26 22:00:00,118014.5,118263.3,117951.5,117977.0,1934.11051009
2025-07-26 23:00:00,117977.0,118016.5,117850.7,117873.0,2622.37834174
2025-07-27 00:00:00,117873.0,117943.0,117799.5,117929.0,3496.4203424
2025-07-27 01:00:00,117929.0,118183.0,117885.4,118063.0,1913.0574261
2025-07-27 02:00:00,118063.0,118348.6,117979.0,118300.5,3083.95262465
2025-07-27 03:00:00,118300.5,118314.7,118058.5,118159.5,3988.88381266
2025-07-27 04:00:00,118159.5,118244.5,118111.5,118199.5,3525.913025
2025-07-27 05:00:00,118199.5,118289.0,118136.5,118260.5,3091.7415499
2025-07-27 06:00:00,118260.5,118429.2,118173.0,118239.0,2927.39271815
2025-07-27 07:00:00,118239.0,118241.5,118040.0,118081.0,2705.7857833
2025-07-27 08:00:00,118081.0,118119.0,117920.0,117922.5,3172.53595433
2025-07-27 09:00:00,117922.5,117981.0,117822.5,117915.5,2899.83550163
2025-07-27 10:00:00,117915.5,118271.4,117915.5,118155.5,2888.59371078
2025-07-27 11:00:00,118155.5,118450.0,117510.8,118050.5,3901.82439717
2025-07-27 12:00:00,118050.5,118104.3,117848.5,118085.5,2181.24870809
2025-07-27 13:00:00,118085.5,118199.5,118049.0,118181.5,2035.81919451
2025-07-27 14:00:00,118181.5,118467.4,118118.0,118408.0,2934.56434493
2025-07-27 15:00:00,118408.0,118584.2,116782.4,118581.5,3686.10903178
2025-07-27 16:00:00,118581.5,119769.5,118581.5,119037.5,8330.99554196
2025-07-27 17:00:00,119037.5,119324.0,118848.0,119196.5,4052.65900326
2025-07-27 18:00:00,119196.5,119383.2,118927.0,119014.0,2666.58170118
2025-07-27 19:00:00,119014.0,119078.0,118875.0,118940.5,2069.5385237
2025-07-27 20:00:00,118940.5,119168.5,118711.5,118729.5,3314.76805938
2025-07-27 21:00:00,118729.5,119270.5,118706.0,119254.0,3470.04022927
2025-07-27 22:00:00,119254.0,119769.0,119217.0,119505.5,4439.03491522
2025-07-27 23:00:00,119505.5,119540.5,119186.8,119425.0,3206.95736344
2025-07-28 00:00:00,119425.0,119680.5,119127.0,119251.5,2728.60367213
2025-07-28 01:00:00,119251.5,119487.5,118935.9,119024.5,3604.27929813
2025-07-28 02:00:00,119024.5,119834.2,119013.5,119423.0,3728.36596451
2025-07-28 03:00:00,119423.0,119522.0,119209.5,119267.5,2518.71583708
2025-07-28 04:00:00,119267.5,119396.0,119109.1,119197.5,1806.26764474
2025-07-28 05:00:00,119197.5,119684.2,119126.0,119520.0,2292.85830887
2025-07-28 06:00:00,119520.0,119601.5,119433.5,119448.5,2918.5784657
2025-07-28 07:00:00,119448.5,119448.5,118000.0,118887.5,5213.00468721
2025-07-28 08:00:00,118887.5,119093.0,118747.5,119050.9,2367.83595747
2025-07-28 09:00:00,119050.9,119050.9,118693.5,118923.0,2854.80831698
2025-07-28 10:00:00,118923.0,118962.2,118607.0,118760.0,4965.78296434
2025-07-28 11:00:00,118760.0,118856.5,118468.6,118808.5,3402.71688323
2025-07-28 12:00:00,118808.5,119087.5,118759.6,118826.0,3456.4965802
2025-07-28 13:00:00,118826.0,119062.1,118233.6,118394.5,4586.22116932
2025-07-28 14:00:00,118394.5,118669.0,117271.9,117965.5,5630.1490717
2025-07-28 15:00:00,117965.5,118532.2,117902.8,118154.0,3516.8258602
2025-07-28 16:00:00,118154.0,118365.0,117981.5,118000.5,3113.23153593
2025-07-28 17:00:00,118000.5,118077.0,117625.9,117647.5,4257.29341564
2025-07-28 18:00:00,117647.5,117849.2,117393.1,117759.5,3795.70135972
2025-07-28 19:00:00,117759.5,118228.4,117525.0,118080.0,2690.85728456
2025-07-28 20:00:00,118080.0,118116.5,117465.5,118039.0,2462.13522161
2025-07-28 21:00:00,118039.0,118390.8,117139.8,118079.5,3159.66649685
2025-07-28 22:00:00,118079.5,118233.5,117726.0,117837.0,3310.93796939
2025-07-28 23:00:00,117837.0,118156.0,117788.5,118040.5,2869.44528691
2025-07-29 00:00:00,118040.5,118445.8,117501.5,117945.0,3010.91487472
2025-07-29 01:00:00,117945.0,118227.2,117737.0,117737.0,2689.58607338
2025-07-29 02:00:00,117737.0,118068.5,117415.0,118058.9,2846.01968629
2025-07-29 03:00:00,118058.9,118772.0,118058.9,118719.0,3446.6566504
2025-07-29 04:00:00,118719.0,118778.5,118375.0,118493.5,2789.47510687
2025-07-29 05:00:00,118493.5,118832.0,118488.0,118766.0,3087.63468108
2025-07-29 06:00:00,118766.0,119034.5,117116.1,118721.0,3190.77327119
2025-07-29 07:00:00,118721.0,119257.5,118716.5,118854.5,2403.97468862
2025-07-29 08:00:00,118854.5,119022.1,118718.5,118885.8,2716.65610335
2025-07-29 09:00:00,118885.8,118967.4,118720.0,118748.0,3035.30558776
2025-07-29 10:00:00,118748.0,118794.0,118254.0,118262.0,3149.45025194
2025-07-29 11:00:00,118262.0,118996.8,118134.2,118560.0,2881.94323699
2025-07-29 12:00:00,118560.0,119131.8,118412.5,118817.5,3099.70450221
2025-07-29 13:00:00,118817.5,118975.0,118485.9,118574.0,4540.2392706
2025-07-29 14:00:00,118574.0,118727.0,117650.8,117769.0,5343.51690208
2025-07-29 15:00:00,117769.0,117913.5,117221.2,117360.0,4746.05798594
2025-07-29 16:00:00,117360.0,117715.0,116927.7,117706.5,5627.00162548
2025-07-29 17:00:00,117706.5,118019.5,117591.2,117725.5,2940.68723574
2025-07-29 18:00:00,117725.5,117780.5,117445.6,117561.0,2931.77699279
2025-07-29 19:00:00,117561.0,117959.5,117357.5,117502.5,3636.9683674
2025-07-29 20:00:00,117502.5,117816.8,117044.5,117461.5,4743.94947449
2025-07-29 21:00:00,117461.5,117666.1,117141.6,117555.5,3205.61153871
2025-07-29 22:00:00,117555.5,117822.5,117403.5,117803.0,2455.60536467
2025-07-29 23:00:00,117803.0,118084.5,117182.4,117898.5,3214.48308726
2025-07-30 00:00:00,117898.5,117959.4,117482.5,117702.5,2337.23305234
2025-07-30 01:00:00,117702.5,117974.0,117365.1,117818.0,2835.01643488
2025-07-30 02:00:00,117818.0,118089.9,117738.0,117977.5,2195.32596748
2025-07-30 03:00:00,117977.5,118212.6,117857.5,118105.0,2648.21242446
2025-07-30 04:00:00,118105.0,118234.4,117905.0,117950.0,3138.27632422
2025-07-30 05:00:00,117950.0,118038.1,117617.9,117948.5,2644.42768648
2025-07-30 06:00:00,117948.5,118301.5,117948.5,118246.0,2926.51766781
2025-07-30 07:00:00,118246.0,118387.0,116050.0,118085.0,3385.55269383
2025-07-30 08:00:00,118085.0,118447.0,117918.0,118327.0,1974.21877633
2025-07-30 09:00:00,118327.0,118383.5,117948.0,118131.0,1915.04695345
2025-07-30 10:00:00,118131.0,118389.3,117915.5,117977.0,2536.64776313
2025-07-30 11:00:00,117977.0,119814.0,115290.0,117480.6,5507.36320001
2025-07-30 12:00:00,117480.6,119958.2,117299.0,117690.5,4355.61953766
2025-07-30 13:00:00,117690.5,118183.6,117381.5,117632.0,5131.03907464
2025-07-30 14:00:00,117632.0,118687.5,117549.0,118678.0,5311.36252206
2025-07-30 15:00:00,118678.0,118765.5,117100.0,117941.0,5120.84663082
2025-07-30 16:00:00,117941.0,117977.1,117585.5,117674.5,2924.21420232
2025-07-30 17:00:00,117674.5,117913.3,117590.0,117745.6,2426.72372709
2025-07-30 18:00:00,117745.6,117989.9,116452.9,116469.0,4412.78312909
2025-07-30 19:00:00,116469.0,117263.0,115403.0,116878.0,7567.06771244
2025-07-30 20:00:00,116878.0,117261.5,116833.9,117132.0,3872.95809654
2025-07-30 21:00:00,117132.0,117296.4,116898.5,117280.0,3122.15279836
2025-07-30 22:00:00,117280.0,117442.0,117190.5,117438.0,4093.15205687
2025-07-30 23:00:00,117438.0,117868.5,117398.5,117769.5,4409.32341592
2025-07-31 00:00:00,117769.5,118497.0,116000.0,118372.1,4827.95693225
2025-07-31 01:00:00,118372.1,118423.5,117950.0,118009.5,2437.86616954
2025-07-31 02:00:00,118009.5,118543.3,117935.0,118398.3,3744.69304585
2025-07-31 03:00:00,118398.3,119179.7,117766.7,118426.5,5141.9240661
2025-07-31 04:00:00,118426.5,118524.0,118330.0,118472.5,2842.23628615
2025-07-31 05:00:00,118472.5,118538.2,118324.0,118375.0,978.9650721
